[{"model": "contenttypes.contenttype", "pk": 1, "fields": {"app_label": "admin", "model": "logentry"}}, {"model": "contenttypes.contenttype", "pk": 2, "fields": {"app_label": "auth", "model": "permission"}}, {"model": "contenttypes.contenttype", "pk": 3, "fields": {"app_label": "auth", "model": "group"}}, {"model": "contenttypes.contenttype", "pk": 4, "fields": {"app_label": "auth", "model": "user"}}, {"model": "contenttypes.contenttype", "pk": 5, "fields": {"app_label": "contenttypes", "model": "contenttype"}}, {"model": "contenttypes.contenttype", "pk": 6, "fields": {"app_label": "sessions", "model": "session"}}, {"model": "contenttypes.contenttype", "pk": 7, "fields": {"app_label": "students", "model": "student"}}, {"model": "contenttypes.contenttype", "pk": 8, "fields": {"app_label": "students", "model": "group"}}, {"model": "contenttypes.contenttype", "pk": 9, "fields": {"app_label": "teachers", "model": "teacher"}}, {"model": "sessions.session", "pk": "2o951quorq3pq6idjenl6wygrd9o0o82", "fields": {"session_data": "MmE4Mjk1ODVlYTU4M2VkYzIzYWE2YjU1OTgyZTg1ZDIyMmNmYzE5ZTp7Il9hdXRoX3VzZXJfaWQiOiIxIiwiX2F1dGhfdXNlcl9iYWNrZW5kIjoiZGphbmdvLmNvbnRyaWIuYXV0aC5iYWNrZW5kcy5Nb2RlbEJhY2tlbmQiLCJfYXV0aF91c2VyX2hhc2giOiI2OGI0NjZkMjYxZWZmNGYwZTgyMmY3Y2EwZWIzNDE3NWZkZWU5ZGVjIn0=", "expire_date": "2020-03-03T22:35:34.941Z"}}, {"model": "sessions.session", "pk": "eqr4anjngwbbehuylidz6u8zuxx2t1uy", "fields": {"session_data": "MDFlMjFhYTUxMTkyYTk5OWFiNjYxZTFjZWQ1YzJmN2I4YmNjMTcxZjp7Il9hdXRoX3VzZXJfaWQiOiIyIiwiX2F1dGhfdXNlcl9iYWNrZW5kIjoiZGphbmdvLmNvbnRyaWIuYXV0aC5iYWNrZW5kcy5Nb2RlbEJhY2tlbmQiLCJfYXV0aF91c2VyX2hhc2giOiI0ZmJiNTM4NWM2ZTIwNWVjYzI0MGQxMDg2OWI3NDhjYjE0ODVlM2RlIn0=", "expire_date": "2020-02-17T20:44:25.823Z"}}, {"model": "sessions.session", "pk": "p6fgzi0txd9091rwqxkqd8k7tpjib87r", "fields": {"session_data": "MDFlMjFhYTUxMTkyYTk5OWFiNjYxZTFjZWQ1YzJmN2I4YmNjMTcxZjp7Il9hdXRoX3VzZXJfaWQiOiIyIiwiX2F1dGhfdXNlcl9iYWNrZW5kIjoiZGphbmdvLmNvbnRyaWIuYXV0aC5iYWNrZW5kcy5Nb2RlbEJhY2tlbmQiLCJfYXV0aF91c2VyX2hhc2giOiI0ZmJiNTM4NWM2ZTIwNWVjYzI0MGQxMDg2OWI3NDhjYjE0ODVlM2RlIn0=", "expire_date": "2020-02-15T23:42:06.580Z"}}, {"model": "sessions.session", "pk": "ui70ym05bljfeuzphq5wacujsgq9mj2e", "fields": {"session_data": "MmE4Mjk1ODVlYTU4M2VkYzIzYWE2YjU1OTgyZTg1ZDIyMmNmYzE5ZTp7Il9hdXRoX3VzZXJfaWQiOiIxIiwiX2F1dGhfdXNlcl9iYWNrZW5kIjoiZGphbmdvLmNvbnRyaWIuYXV0aC5iYWNrZW5kcy5Nb2RlbEJhY2tlbmQiLCJfYXV0aF91c2VyX2hhc2giOiI2OGI0NjZkMjYxZWZmNGYwZTgyMmY3Y2EwZWIzNDE3NWZkZWU5ZGVjIn0=", "expire_date": "2020-02-17T20:43:50.005Z"}}, {"model": "students.student", "pk": 1102, "fields": {"st_name": null, "first_name": "Matthew", "last_name": "Russo", "birth_date": "2020-02-19", "email": "craigwalker@jones.net", "telephone": "446488550310739", "address": null, "st_group": 122}}, {"model": "students.student", "pk": 1103, "fields": {"st_name": null, "first_name": "Andrew", "last_name": "Salinas", "birth_date": "2020-02-19", "email": "jessicaharrison@moore.biz", "telephone": "4304201446", "address": null, "st_group": 117}}, {"model": "students.student", "pk": 1104, "fields": {"st_name": null, "first_name": "Veronica", "last_name": "Baird", "birth_date": "2020-02-19", "email": "taylorerin@johnson-johnson.info", "telephone": "001948334134506436", "address": null, "st_group": 113}}, {"model": "students.student", "pk": 1105, "fields": {"st_name": null, "first_name": "Lisa", "last_name": "Cisneros", "birth_date": "2020-02-19", "email": "heathercastillo@yahoo.com", "telephone": "3277812541", "address": null, "st_group": 117}}, {"model": "students.student", "pk": 1106, "fields": {"st_name": null, "first_name": "Amber", "last_name": "Lopez", "birth_date": "2020-02-19", "email": "brewerjenna@hotmail.com", "telephone": "2698053439967", "address": null, "st_group": 122}}, {"model": "students.student", "pk": 1107, "fields": {"st_name": null, "first_name": "Pamela", "last_name": "Vargas", "birth_date": "2020-02-19", "email": "cisneroskatelyn@garcia.biz", "telephone": "0010469942644671", "address": null, "st_group": 115}}, {"model": "students.student", "pk": 1108, "fields": {"st_name": null, "first_name": "Allison", "last_name": "Lewis", "birth_date": "2020-02-19", "email": "choikaitlin@davis.net", "telephone": "86793846948129", "address": null, "st_group": 122}}, {"model": "students.student", "pk": 1109, "fields": {"st_name": null, "first_name": "Deborah", "last_name": "Leach", "birth_date": "2020-02-19", "email": "matthew57@andersen.info", "telephone": "001851516226569992", "address": null, "st_group": 119}}, {"model": "students.student", "pk": 1110, "fields": {"st_name": null, "first_name": "Robert", "last_name": "Charles", "birth_date": "2020-02-19", "email": "robertruiz@palmer.info", "telephone": "11851226864487", "address": null, "st_group": 115}}, {"model": "students.student", "pk": 1111, "fields": {"st_name": null, "first_name": "Charlotte", "last_name": "Phillips", "birth_date": "2020-02-19", "email": "fowlerstephanie@yahoo.com", "telephone": "2150577043763", "address": null, "st_group": 120}}, {"model": "students.student", "pk": 1112, "fields": {"st_name": null, "first_name": "Brianna", "last_name": "Roth", "birth_date": "2020-02-19", "email": "johnsonclarence@yahoo.com", "telephone": "2355082742", "address": null, "st_group": 114}}, {"model": "students.student", "pk": 1113, "fields": {"st_name": null, "first_name": "Ryan", "last_name": "Ayers", "birth_date": "2020-02-19", "email": "christinerice@yahoo.com", "telephone": "9496763495410", "address": null, "st_group": 117}}, {"model": "students.student", "pk": 1114, "fields": {"st_name": null, "first_name": "Jonathan", "last_name": "Johnston", "birth_date": "2020-02-19", "email": "welchmadeline@walker-garcia.info", "telephone": "6571436854", "address": null, "st_group": 121}}, {"model": "students.student", "pk": 1115, "fields": {"st_name": null, "first_name": "Matthew", "last_name": "Foley", "birth_date": "2020-02-19", "email": "tuckersherry@mason.net", "telephone": "00183012713408875", "address": null, "st_group": 114}}, {"model": "students.student", "pk": 1116, "fields": {"st_name": null, "first_name": "Kathy", "last_name": "Valenzuela", "birth_date": "2020-02-19", "email": "uheath@gmail.com", "telephone": "00293132770592", "address": null, "st_group": 114}}, {"model": "students.student", "pk": 1117, "fields": {"st_name": null, "first_name": "Samantha", "last_name": "Smith", "birth_date": "2020-02-19", "email": "william16@yahoo.com", "telephone": "1520581129", "address": null, "st_group": 117}}, {"model": "students.student", "pk": 1118, "fields": {"st_name": null, "first_name": "Kathryn", "last_name": "Meyers", "birth_date": "2020-02-19", "email": "travisvanessa@hotmail.com", "telephone": "00116304269594234", "address": null, "st_group": 113}}, {"model": "students.student", "pk": 1119, "fields": {"st_name": null, "first_name": "Danny", "last_name": "Simmons", "birth_date": "2020-02-19", "email": "griffinkevin@murillo-williams.com", "telephone": "0367106708119", "address": null, "st_group": 119}}, {"model": "students.student", "pk": 1120, "fields": {"st_name": null, "first_name": "Robert", "last_name": "Santos", "birth_date": "2020-02-19", "email": "stephensmiguel@hotmail.com", "telephone": "0587267303", "address": null, "st_group": 122}}, {"model": "students.student", "pk": 1121, "fields": {"st_name": null, "first_name": "Mary", "last_name": "Perry", "birth_date": "2020-02-19", "email": "henry67@gonzales.com", "telephone": "00177195107316477", "address": null, "st_group": 113}}, {"model": "students.student", "pk": 1122, "fields": {"st_name": null, "first_name": "Jonathan", "last_name": "Zimmerman", "birth_date": "2020-02-19", "email": "martinezbrittany@gmail.com", "telephone": "405083869470473", "address": null, "st_group": 118}}, {"model": "students.student", "pk": 1123, "fields": {"st_name": null, "first_name": "Brandon", "last_name": "Schultz", "birth_date": "2020-02-19", "email": "jacksonrichard@hotmail.com", "telephone": "0017689634808", "address": null, "st_group": 114}}, {"model": "students.student", "pk": 1124, "fields": {"st_name": null, "first_name": "Thomas", "last_name": "Potter", "birth_date": "2020-02-19", "email": "aadams@yahoo.com", "telephone": "0016349333736", "address": null, "st_group": 120}}, {"model": "students.student", "pk": 1125, "fields": {"st_name": null, "first_name": "Alexis", "last_name": "Nixon", "birth_date": "2020-02-19", "email": "smithallison@dodson-oliver.com", "telephone": "336531607889977", "address": null, "st_group": 122}}, {"model": "students.student", "pk": 1126, "fields": {"st_name": null, "first_name": "Patrick", "last_name": "Robertson", "birth_date": "2020-02-19", "email": "clarkteresa@gmail.com", "telephone": "7205132428", "address": null, "st_group": 114}}, {"model": "students.student", "pk": 1127, "fields": {"st_name": null, "first_name": "Madeline", "last_name": "Johnson", "birth_date": "2020-02-19", "email": "amandamiller@patton-conway.biz", "telephone": "525782506786170", "address": null, "st_group": 120}}, {"model": "students.student", "pk": 1128, "fields": {"st_name": null, "first_name": "Erin", "last_name": "Reed", "birth_date": "2020-02-19", "email": "kimberly46@yahoo.com", "telephone": "00192053423280573", "address": null, "st_group": 115}}, {"model": "students.student", "pk": 1129, "fields": {"st_name": null, "first_name": "Matthew", "last_name": "Martin", "birth_date": "2020-02-19", "email": "lynndaniels@gmail.com", "telephone": "5688337539", "address": null, "st_group": 114}}, {"model": "students.student", "pk": 1130, "fields": {"st_name": null, "first_name": "Samuel", "last_name": "Osborne", "birth_date": "2020-02-19", "email": "pamelagonzalez@yahoo.com", "telephone": "13971694197614", "address": null, "st_group": 118}}, {"model": "students.student", "pk": 1131, "fields": {"st_name": null, "first_name": "John", "last_name": "Campbell", "birth_date": "2020-02-19", "email": "ramosjonathan@hotmail.com", "telephone": "00140817651679068", "address": null, "st_group": 116}}, {"model": "students.student", "pk": 1132, "fields": {"st_name": null, "first_name": "Jesse", "last_name": "Barton", "birth_date": "2020-02-19", "email": "jenna47@gmail.com", "telephone": "0025979309", "address": null, "st_group": 115}}, {"model": "students.student", "pk": 1133, "fields": {"st_name": null, "first_name": "Patricia", "last_name": "Jones", "birth_date": "2020-02-19", "email": "steven40@craig.com", "telephone": "7480693097", "address": null, "st_group": 120}}, {"model": "students.student", "pk": 1134, "fields": {"st_name": null, "first_name": "Todd", "last_name": "Howell", "birth_date": "2020-02-19", "email": "phillip31@dougherty.com", "telephone": "0010571654578", "address": null, "st_group": 116}}, {"model": "students.student", "pk": 1135, "fields": {"st_name": null, "first_name": "Melissa", "last_name": "Mendez", "birth_date": "2020-02-19", "email": "lisamiller@hotmail.com", "telephone": "2378759523", "address": null, "st_group": 113}}, {"model": "students.student", "pk": 1136, "fields": {"st_name": null, "first_name": "Blake", "last_name": "Murphy", "birth_date": "2020-02-19", "email": "dbell@lee-michael.org", "telephone": "979414080796295", "address": null, "st_group": 122}}, {"model": "students.student", "pk": 1137, "fields": {"st_name": null, "first_name": "Nathan", "last_name": "Smith", "birth_date": "2020-02-19", "email": "frankcollins@larsen-collier.biz", "telephone": "161731346881637", "address": null, "st_group": 116}}, {"model": "students.student", "pk": 1138, "fields": {"st_name": null, "first_name": "David", "last_name": "Schwartz", "birth_date": "2020-02-19", "email": "jortiz@yahoo.com", "telephone": "3547565576", "address": null, "st_group": 117}}, {"model": "students.student", "pk": 1139, "fields": {"st_name": null, "first_name": "Susan", "last_name": "Smith", "birth_date": "2020-02-19", "email": "ccooper@gmail.com", "telephone": "4411725355", "address": null, "st_group": 117}}, {"model": "students.student", "pk": 1140, "fields": {"st_name": null, "first_name": "Zachary", "last_name": "Pruitt", "birth_date": "2020-02-19", "email": "wiseroy@yahoo.com", "telephone": "120292708946383", "address": null, "st_group": 118}}, {"model": "students.student", "pk": 1141, "fields": {"st_name": null, "first_name": "Marc", "last_name": "Woods", "birth_date": "2020-02-19", "email": "steven90@burton.net", "telephone": "803992961095788", "address": null, "st_group": 115}}, {"model": "students.student", "pk": 1142, "fields": {"st_name": null, "first_name": "Krista", "last_name": "Brown", "birth_date": "2020-02-19", "email": "noah34@cortez-martinez.com", "telephone": "6439277487", "address": null, "st_group": 117}}, {"model": "students.student", "pk": 1143, "fields": {"st_name": null, "first_name": "Anne", "last_name": "Brown", "birth_date": "2020-02-19", "email": "wvasquez@christian.net", "telephone": "4479317476", "address": null, "st_group": 119}}, {"model": "students.student", "pk": 1144, "fields": {"st_name": null, "first_name": "Lee", "last_name": "Terry", "birth_date": "2020-02-19", "email": "kyliefuentes@yahoo.com", "telephone": "0014999168278489", "address": null, "st_group": 122}}, {"model": "students.student", "pk": 1145, "fields": {"st_name": null, "first_name": "Thomas", "last_name": "Morgan", "birth_date": "2020-02-19", "email": "allenrebekah@hotmail.com", "telephone": "1100426436527679", "address": null, "st_group": 115}}, {"model": "students.student", "pk": 1146, "fields": {"st_name": null, "first_name": "Charles", "last_name": "Barr", "birth_date": "2020-02-19", "email": "johnjohnson@wong.com", "telephone": "4516430240546", "address": null, "st_group": 122}}, {"model": "students.student", "pk": 1147, "fields": {"st_name": null, "first_name": "Danielle", "last_name": "Steele", "birth_date": "2020-02-19", "email": "duranjeffery@davis.com", "telephone": "0012682409464571", "address": null, "st_group": 115}}, {"model": "students.student", "pk": 1148, "fields": {"st_name": null, "first_name": "Bryan", "last_name": "Lee", "birth_date": "2020-02-19", "email": "xjones@parker.com", "telephone": "0018019779673419", "address": null, "st_group": 115}}, {"model": "students.student", "pk": 1149, "fields": {"st_name": null, "first_name": "Aaron", "last_name": "Robinson", "birth_date": "2020-02-19", "email": "kochanna@hester-carter.com", "telephone": "0013153065447738", "address": null, "st_group": 121}}, {"model": "students.student", "pk": 1150, "fields": {"st_name": null, "first_name": "Victor", "last_name": "Wilson", "birth_date": "2020-02-19", "email": "cynthiadickerson@yahoo.com", "telephone": "0911686343", "address": null, "st_group": 115}}, {"model": "students.student", "pk": 1151, "fields": {"st_name": null, "first_name": "Bradley", "last_name": "Ramirez", "birth_date": "2020-02-19", "email": "xwilliams@hotmail.com", "telephone": "00774445022500", "address": null, "st_group": 121}}, {"model": "students.student", "pk": 1152, "fields": {"st_name": null, "first_name": "Richard", "last_name": "Nelson", "birth_date": "2020-02-19", "email": "barajasamanda@fields-henry.com", "telephone": "14650673105", "address": null, "st_group": 122}}, {"model": "students.student", "pk": 1153, "fields": {"st_name": null, "first_name": "Shannon", "last_name": "Thompson", "birth_date": "2020-02-19", "email": "knappangela@hotmail.com", "telephone": "00152140173506398", "address": null, "st_group": 118}}, {"model": "students.student", "pk": 1154, "fields": {"st_name": null, "first_name": "Shaun", "last_name": "Porter", "birth_date": "2020-02-19", "email": "laurielopez@gmail.com", "telephone": "0014771869315023", "address": null, "st_group": 120}}, {"model": "students.student", "pk": 1155, "fields": {"st_name": null, "first_name": "Becky", "last_name": "Golden", "birth_date": "2020-02-19", "email": "isaac25@mason-brown.com", "telephone": "18398664192852", "address": null, "st_group": 119}}, {"model": "students.student", "pk": 1156, "fields": {"st_name": null, "first_name": "Sharon", "last_name": "Chen", "birth_date": "2020-02-19", "email": "brownmichelle@hotmail.com", "telephone": "779869212523240", "address": null, "st_group": 113}}, {"model": "students.student", "pk": 1157, "fields": {"st_name": null, "first_name": "Christopher", "last_name": "Smith", "birth_date": "2020-02-19", "email": "michael08@heath.com", "telephone": "00470288470715", "address": null, "st_group": 117}}, {"model": "students.student", "pk": 1158, "fields": {"st_name": null, "first_name": "Jeffrey", "last_name": "Silva", "birth_date": "2020-02-19", "email": "rodriguezheather@yahoo.com", "telephone": "001993533666233109", "address": null, "st_group": 116}}, {"model": "students.student", "pk": 1159, "fields": {"st_name": null, "first_name": "Candice", "last_name": "Anderson", "birth_date": "2020-02-19", "email": "mwilson@hotmail.com", "telephone": "00147154084111711", "address": null, "st_group": 113}}, {"model": "students.student", "pk": 1160, "fields": {"st_name": null, "first_name": "Amber", "last_name": "Ray", "birth_date": "2020-02-19", "email": "mcclainbrandon@hotmail.com", "telephone": "680136167879834", "address": null, "st_group": 114}}, {"model": "students.student", "pk": 1161, "fields": {"st_name": null, "first_name": "Jason", "last_name": "Davis", "birth_date": "2020-02-19", "email": "seanjackson@hotmail.com", "telephone": "8986271388", "address": null, "st_group": 122}}, {"model": "students.student", "pk": 1162, "fields": {"st_name": null, "first_name": "Angela", "last_name": "Estes", "birth_date": "2020-02-19", "email": "susan18@cooke-smith.info", "telephone": "5246475089", "address": null, "st_group": 122}}, {"model": "students.student", "pk": 1163, "fields": {"st_name": null, "first_name": "Emily", "last_name": "Haynes", "birth_date": "2020-02-19", "email": "bgregory@yahoo.com", "telephone": "500208173653922", "address": null, "st_group": 120}}, {"model": "students.student", "pk": 1164, "fields": {"st_name": null, "first_name": "Catherine", "last_name": "Smith", "birth_date": "2020-02-19", "email": "brownbrianna@gmail.com", "telephone": "5174031106", "address": null, "st_group": 115}}, {"model": "students.student", "pk": 1165, "fields": {"st_name": null, "first_name": "Shawn", "last_name": "Chambers", "birth_date": "2020-02-19", "email": "wweiss@yahoo.com", "telephone": "5933942971", "address": null, "st_group": 119}}, {"model": "students.student", "pk": 1166, "fields": {"st_name": null, "first_name": "Patricia", "last_name": "Rivera", "birth_date": "2020-02-19", "email": "jonesjoshua@perry.com", "telephone": "0019793851613448", "address": null, "st_group": 116}}, {"model": "students.student", "pk": 1167, "fields": {"st_name": null, "first_name": "Robin", "last_name": "Mcgee", "birth_date": "2020-02-19", "email": "timothywalker@morgan.com", "telephone": "14533700061", "address": null, "st_group": 117}}, {"model": "students.student", "pk": 1168, "fields": {"st_name": null, "first_name": "Craig", "last_name": "Zuniga", "birth_date": "2020-02-19", "email": "christophermoon@conner.com", "telephone": "5450549881", "address": null, "st_group": 116}}, {"model": "students.student", "pk": 1169, "fields": {"st_name": null, "first_name": "Samantha", "last_name": "Murray", "birth_date": "2020-02-19", "email": "vjenkins@gmail.com", "telephone": "28717098278889", "address": null, "st_group": 115}}, {"model": "students.student", "pk": 1170, "fields": {"st_name": null, "first_name": "Garrett", "last_name": "Myers", "birth_date": "2020-02-19", "email": "wisejoy@yahoo.com", "telephone": "78333908583785", "address": null, "st_group": 121}}, {"model": "students.student", "pk": 1171, "fields": {"st_name": null, "first_name": "Bobby", "last_name": "Roberts", "birth_date": "2020-02-19", "email": "chelsea30@kim.com", "telephone": "6549151296", "address": null, "st_group": 113}}, {"model": "students.student", "pk": 1172, "fields": {"st_name": null, "first_name": "Jeffrey", "last_name": "Bautista", "birth_date": "2020-02-19", "email": "acevedojennifer@yahoo.com", "telephone": "1606924133", "address": null, "st_group": 120}}, {"model": "students.student", "pk": 1173, "fields": {"st_name": null, "first_name": "April", "last_name": "Manning", "birth_date": "2020-02-19", "email": "rodriguezryan@hotmail.com", "telephone": "3430580393", "address": null, "st_group": 116}}, {"model": "students.student", "pk": 1174, "fields": {"st_name": null, "first_name": "Kevin", "last_name": "Bartlett", "birth_date": "2020-02-19", "email": "kevinpeters@hotmail.com", "telephone": "3414216455775", "address": null, "st_group": 118}}, {"model": "students.student", "pk": 1175, "fields": {"st_name": null, "first_name": "Mary", "last_name": "Ruiz", "birth_date": "2020-02-19", "email": "gina44@gmail.com", "telephone": "19573298507", "address": null, "st_group": 121}}, {"model": "students.student", "pk": 1176, "fields": {"st_name": null, "first_name": "Vanessa", "last_name": "Kelly", "birth_date": "2020-02-19", "email": "simmonslindsey@nunez.com", "telephone": "10244864494573", "address": null, "st_group": 116}}, {"model": "students.student", "pk": 1177, "fields": {"st_name": null, "first_name": "Julie", "last_name": "Wong", "birth_date": "2020-02-19", "email": "iwright@yahoo.com", "telephone": "6098899301805", "address": null, "st_group": 120}}, {"model": "students.student", "pk": 1178, "fields": {"st_name": null, "first_name": "Daniel", "last_name": "Walker", "birth_date": "2020-02-19", "email": "rodriguezscott@smith-may.info", "telephone": "9407253034147", "address": null, "st_group": 114}}, {"model": "students.student", "pk": 1179, "fields": {"st_name": null, "first_name": "Scott", "last_name": "Bryant", "birth_date": "2020-02-19", "email": "jennyfrost@morrison-payne.com", "telephone": "085962177202399", "address": null, "st_group": 115}}, {"model": "students.student", "pk": 1180, "fields": {"st_name": null, "first_name": "Andrew", "last_name": "Rios", "birth_date": "2020-02-19", "email": "vegapaul@delgado-stephenson.info", "telephone": "5561294867", "address": null, "st_group": 116}}, {"model": "students.student", "pk": 1181, "fields": {"st_name": null, "first_name": "Daniel", "last_name": "Wilson", "birth_date": "2020-02-19", "email": "gsoto@carter-henderson.com", "telephone": "81656416435756", "address": null, "st_group": 116}}, {"model": "students.student", "pk": 1182, "fields": {"st_name": null, "first_name": "Anthony", "last_name": "Cordova", "birth_date": "2020-02-19", "email": "austinoliver@rodriguez.com", "telephone": "6915201037124", "address": null, "st_group": 114}}, {"model": "students.student", "pk": 1183, "fields": {"st_name": null, "first_name": "Nathan", "last_name": "Meadows", "birth_date": "2020-02-19", "email": "williammoore@eaton-allen.com", "telephone": "1430764157879147", "address": null, "st_group": 113}}, {"model": "students.student", "pk": 1184, "fields": {"st_name": null, "first_name": "Alexander", "last_name": "Schneider", "birth_date": "2020-02-19", "email": "ecox@gmail.com", "telephone": "0055259666", "address": null, "st_group": 121}}, {"model": "students.student", "pk": 1185, "fields": {"st_name": null, "first_name": "April", "last_name": "Wallace", "birth_date": "2020-02-19", "email": "chuber@black.org", "telephone": "45760874530632", "address": null, "st_group": 119}}, {"model": "students.student", "pk": 1186, "fields": {"st_name": null, "first_name": "Jessica", "last_name": "Avila", "birth_date": "2020-02-19", "email": "edominguez@roth.info", "telephone": "060755480276341", "address": null, "st_group": 116}}, {"model": "students.student", "pk": 1187, "fields": {"st_name": null, "first_name": "Katherine", "last_name": "Cunningham", "birth_date": "2020-02-19", "email": "taylordavid@grimes.com", "telephone": "13943843902", "address": null, "st_group": 120}}, {"model": "students.student", "pk": 1188, "fields": {"st_name": null, "first_name": "Lori", "last_name": "Salinas", "birth_date": "2020-02-19", "email": "smithdavid@yahoo.com", "telephone": "902944401947084", "address": null, "st_group": 121}}, {"model": "students.student", "pk": 1189, "fields": {"st_name": null, "first_name": "Jamie", "last_name": "Palmer", "birth_date": "2020-02-19", "email": "fishershane@ortega-lewis.biz", "telephone": "8771927249", "address": null, "st_group": 114}}, {"model": "students.student", "pk": 1190, "fields": {"st_name": null, "first_name": "Madison", "last_name": "Weaver", "birth_date": "2020-02-19", "email": "bowerselizabeth@reed.com", "telephone": "152870311154979", "address": null, "st_group": 120}}, {"model": "students.student", "pk": 1191, "fields": {"st_name": null, "first_name": "Nathan", "last_name": "Bryant", "birth_date": "2020-02-19", "email": "kristinavega@gmail.com", "telephone": "4542514210", "address": null, "st_group": 114}}, {"model": "students.student", "pk": 1192, "fields": {"st_name": null, "first_name": "Denise", "last_name": "Johnson", "birth_date": "2020-02-19", "email": "millerangelica@hotmail.com", "telephone": "15637965613059", "address": null, "st_group": 120}}, {"model": "students.student", "pk": 1193, "fields": {"st_name": null, "first_name": "Cristian", "last_name": "Berger", "birth_date": "2020-02-19", "email": "franciscoprice@fitzpatrick-warner.com", "telephone": "0011719202378", "address": null, "st_group": 122}}, {"model": "students.student", "pk": 1194, "fields": {"st_name": null, "first_name": "Joann", "last_name": "Benitez", "birth_date": "2020-02-19", "email": "christine83@yahoo.com", "telephone": "9955148967", "address": null, "st_group": 118}}, {"model": "students.student", "pk": 1195, "fields": {"st_name": null, "first_name": "Jamie", "last_name": "Bean", "birth_date": "2020-02-19", "email": "hjoyce@hotmail.com", "telephone": "88304871015054", "address": null, "st_group": 118}}, {"model": "students.student", "pk": 1196, "fields": {"st_name": null, "first_name": "Jason", "last_name": "Taylor", "birth_date": "2020-02-19", "email": "tapiajustin@yahoo.com", "telephone": "001081100891724201", "address": null, "st_group": 114}}, {"model": "students.student", "pk": 1197, "fields": {"st_name": null, "first_name": "Stephanie", "last_name": "Anderson", "birth_date": "2020-02-19", "email": "susanmartinez@hotmail.com", "telephone": "15798074170637", "address": null, "st_group": 115}}, {"model": "students.student", "pk": 1198, "fields": {"st_name": null, "first_name": "Chad", "last_name": "Holloway", "birth_date": "2020-02-19", "email": "uwatkins@hotmail.com", "telephone": "8641758283", "address": null, "st_group": 117}}, {"model": "students.student", "pk": 1199, "fields": {"st_name": null, "first_name": "Victoria", "last_name": "Webster", "birth_date": "2020-02-19", "email": "krystaltaylor@simmons-mcconnell.info", "telephone": "1320713913", "address": null, "st_group": 115}}, {"model": "students.student", "pk": 1200, "fields": {"st_name": null, "first_name": "Lisa", "last_name": "Khan", "birth_date": "2020-02-19", "email": "davidgarcia@yahoo.com", "telephone": "2029098855671", "address": null, "st_group": 121}}, {"model": "students.student", "pk": 1201, "fields": {"st_name": null, "first_name": "Katie", "last_name": "Anderson", "birth_date": "2020-02-19", "email": "littledavid@hotmail.com", "telephone": "001188078483676992", "address": null, "st_group": 122}}, {"model": "students.group", "pk": 113, "fields": {"group_name": "group_0", "curator": null, "headman": null, "start_date": "2017-04-24"}}, {"model": "students.group", "pk": 114, "fields": {"group_name": "group_1", "curator": null, "headman": null, "start_date": "1989-03-22"}}, {"model": "students.group", "pk": 115, "fields": {"group_name": "group_2", "curator": null, "headman": null, "start_date": "1988-01-11"}}, {"model": "students.group", "pk": 116, "fields": {"group_name": "group_3", "curator": null, "headman": null, "start_date": "1973-03-25"}}, {"model": "students.group", "pk": 117, "fields": {"group_name": "group_4", "curator": null, "headman": null, "start_date": "2016-02-09"}}, {"model": "students.group", "pk": 118, "fields": {"group_name": "group_5", "curator": null, "headman": null, "start_date": "1982-05-24"}}, {"model": "students.group", "pk": 119, "fields": {"group_name": "group_6", "curator": null, "headman": null, "start_date": "2019-03-12"}}, {"model": "students.group", "pk": 120, "fields": {"group_name": "group_7", "curator": null, "headman": null, "start_date": "2018-06-06"}}, {"model": "students.group", "pk": 121, "fields": {"group_name": "group_8", "curator": null, "headman": null, "start_date": "2015-07-26"}}, {"model": "students.group", "pk": 122, "fields": {"group_name": "group_9", "curator": null, "headman": null, "start_date": "1985-09-20"}}, {"model": "teachers.teacher", "pk": 238, "fields": {"teach_name": "teacher_0", "first_name": "Shawn", "last_name": "Frost", "birth_date": "1974-11-05", "position": "Physiotherapist", "email": "ithomas@roman-johnson.com", "telephone": "4575446402"}}, {"model": "teachers.teacher", "pk": 239, "fields": {"teach_name": "teacher_1", "first_name": "Darrell", "last_name": "Graham", "birth_date": "1988-09-01", "position": "Medical secretary", "email": "austinanderson@hotmail.com", "telephone": "421930156915718"}}, {"model": "teachers.teacher", "pk": 240, "fields": {"teach_name": "teacher_2", "first_name": "Kelly", "last_name": "Martinez", "birth_date": "1993-12-12", "position": "Customer service manager", "email": "scottpayne@brown.com", "telephone": "18407597749809"}}, {"model": "teachers.teacher", "pk": 241, "fields": {"teach_name": "teacher_3", "first_name": "Rachel", "last_name": "Wright", "birth_date": "1964-10-03", "position": "Medical sales representative", "email": "michelemckee@li.com", "telephone": "7436867502"}}, {"model": "teachers.teacher", "pk": 242, "fields": {"teach_name": "teacher_4", "first_name": "Timothy", "last_name": "Freeman", "birth_date": "1975-11-18", "position": "Visual merchandiser", "email": "bmiranda@davis.com", "telephone": "4430119766"}}, {"model": "teachers.teacher", "pk": 243, "fields": {"teach_name": "teacher_5", "first_name": "Steven", "last_name": "Powell", "birth_date": "1989-03-28", "position": "Consulting civil engineer", "email": "eramirez@lawson.com", "telephone": "6328431636"}}, {"model": "teachers.teacher", "pk": 244, "fields": {"teach_name": "teacher_6", "first_name": "Evelyn", "last_name": "Thomas", "birth_date": "1960-01-18", "position": "Analytical chemist", "email": "tonyasanchez@gmail.com", "telephone": "68511008174505"}}, {"model": "teachers.teacher", "pk": 245, "fields": {"teach_name": "teacher_7", "first_name": "Gary", "last_name": "Torres", "birth_date": "1957-12-08", "position": "Advertising account planner", "email": "matthewkim@hotmail.com", "telephone": "0867003175"}}, {"model": "teachers.teacher", "pk": 246, "fields": {"teach_name": "teacher_8", "first_name": "John", "last_name": "Garcia", "birth_date": "1989-04-24", "position": "Hotel manager", "email": "rachel60@brown-larsen.com", "telephone": "5873375090"}}, {"model": "teachers.teacher", "pk": 247, "fields": {"teach_name": "teacher_9", "first_name": "Rhonda", "last_name": "Mitchell", "birth_date": "1989-02-09", "position": "Astronomer", "email": "walkernancy@hotmail.com", "telephone": "0759921585653"}}, {"model": "teachers.teacher", "pk": 248, "fields": {"teach_name": "teacher_10", "first_name": "April", "last_name": "Burgess", "birth_date": "1966-11-30", "position": "Chartered management accountant", "email": "ronald12@fuller.com", "telephone": "10136445303866"}}, {"model": "teachers.teacher", "pk": 249, "fields": {"teach_name": "teacher_11", "first_name": "Tony", "last_name": "Navarro", "birth_date": "1974-10-11", "position": "Human resources officer", "email": "haleyandrew@schneider.info", "telephone": "6736204342"}}, {"model": "teachers.teacher", "pk": 250, "fields": {"teach_name": "teacher_12", "first_name": "Amber", "last_name": "Jenkins", "birth_date": "1962-10-01", "position": "Dispensing optician", "email": "preston10@yahoo.com", "telephone": "8236217800"}}, {"model": "teachers.teacher", "pk": 251, "fields": {"teach_name": "teacher_13", "first_name": "Francisco", "last_name": "Long", "birth_date": "1989-08-24", "position": "Editor, film/video", "email": "deborah73@sanchez.info", "telephone": "1613955220065159"}}, {"model": "teachers.teacher", "pk": 252, "fields": {"teach_name": "teacher_14", "first_name": "James", "last_name": "Parker", "birth_date": "1975-10-16", "position": "Geneticist, molecular", "email": "jberry@gmail.com", "telephone": "0018630388456"}}, {"model": "teachers.teacher", "pk": 253, "fields": {"teach_name": "teacher_15", "first_name": "Andrew", "last_name": "Blackwell", "birth_date": "1960-11-14", "position": "Human resources officer", "email": "kathywallace@gmail.com", "telephone": "1807576859336"}}, {"model": "teachers.teacher", "pk": 254, "fields": {"teach_name": "teacher_16", "first_name": "Gregory", "last_name": "Giles", "birth_date": "1964-09-17", "position": "Designer, television/film set", "email": "amanda64@hotmail.com", "telephone": "0011443747842"}}, {"model": "teachers.teacher", "pk": 255, "fields": {"teach_name": "teacher_17", "first_name": "Ruth", "last_name": "Howell", "birth_date": "1972-08-06", "position": "Exhibitions officer, museum/gallery", "email": "justin51@hotmail.com", "telephone": "97826608973508"}}, {"model": "teachers.teacher", "pk": 256, "fields": {"teach_name": "teacher_18", "first_name": "Ashlee", "last_name": "Jones", "birth_date": "1981-08-02", "position": "Chiropractor", "email": "xwong@foster.com", "telephone": "7932122320"}}, {"model": "teachers.teacher", "pk": 257, "fields": {"teach_name": "teacher_19", "first_name": "Ashley", "last_name": "Cortez", "birth_date": "1975-04-02", "position": "Conservator, museum/gallery", "email": "dyoung@gmail.com", "telephone": "4924542530"}}, {"model": "teachers.teacher", "pk": 258, "fields": {"teach_name": "teacher_20", "first_name": "Jessica", "last_name": "Cook", "birth_date": "1964-05-15", "position": "Chemical engineer", "email": "andersonmary@lee.biz", "telephone": "001244989463839923"}}, {"model": "teachers.teacher", "pk": 259, "fields": {"teach_name": "teacher_21", "first_name": "Abigail", "last_name": "Simpson", "birth_date": "1970-01-26", "position": "Phytotherapist", "email": "jacobmurray@yahoo.com", "telephone": "1253742512141897"}}, {"model": "teachers.teacher", "pk": 260, "fields": {"teach_name": "teacher_22", "first_name": "Donna", "last_name": "Baker", "birth_date": "1981-06-19", "position": "Event organiser", "email": "caseypowell@yahoo.com", "telephone": "6356942625122"}}, {"model": "teachers.teacher", "pk": 261, "fields": {"teach_name": "teacher_23", "first_name": "Corey", "last_name": "Barnes", "birth_date": "1965-10-01", "position": "Engineer, communications", "email": "tlewis@hotmail.com", "telephone": "2405648057198"}}, {"model": "teachers.teacher", "pk": 262, "fields": {"teach_name": "teacher_24", "first_name": "Marcus", "last_name": "Price", "birth_date": "1989-08-29", "position": "Horticultural therapist", "email": "amandawilliams@monroe.info", "telephone": "4453646506"}}, {"model": "teachers.teacher", "pk": 263, "fields": {"teach_name": "teacher_25", "first_name": "Barbara", "last_name": "Wyatt", "birth_date": "1980-04-09", "position": "Theatre director", "email": "lbarker@hotmail.com", "telephone": "141152108129169"}}, {"model": "teachers.teacher", "pk": 264, "fields": {"teach_name": "teacher_26", "first_name": "Derrick", "last_name": "Johnson", "birth_date": "1982-11-22", "position": "Intelligence analyst", "email": "emily17@chapman.org", "telephone": "001252264921711889"}}, {"model": "teachers.teacher", "pk": 265, "fields": {"teach_name": "teacher_27", "first_name": "Larry", "last_name": "Griffith", "birth_date": "1985-01-03", "position": "Broadcast journalist", "email": "xjackson@strickland.com", "telephone": "4188548874811"}}, {"model": "teachers.teacher", "pk": 266, "fields": {"teach_name": "teacher_28", "first_name": "Laura", "last_name": "Brown", "birth_date": "1987-09-03", "position": "Research officer, government", "email": "nwilliams@hotmail.com", "telephone": "909808845817994"}}, {"model": "teachers.teacher", "pk": 267, "fields": {"teach_name": "teacher_29", "first_name": "Justin", "last_name": "Mcfarland", "birth_date": "1992-12-03", "position": "Associate Professor", "email": "ybrock@hotmail.com", "telephone": "8535158984"}}, {"model": "teachers.teacher", "pk": 268, "fields": {"teach_name": "teacher_30", "first_name": "Colin", "last_name": "Maxwell", "birth_date": "1961-11-28", "position": "Accountant, chartered public finance", "email": "nbarry@yahoo.com", "telephone": "168655857755224"}}, {"model": "teachers.teacher", "pk": 269, "fields": {"teach_name": "teacher_31", "first_name": "Jeffrey", "last_name": "English", "birth_date": "1955-03-09", "position": "Set designer", "email": "benjamin68@hotmail.com", "telephone": "0011644279593"}}, {"model": "teachers.teacher", "pk": 270, "fields": {"teach_name": "teacher_32", "first_name": "Mark", "last_name": "Davila", "birth_date": "1954-09-02", "position": "Museum/gallery conservator", "email": "cannonsteven@garcia.com", "telephone": "112279146189781"}}, {"model": "teachers.teacher", "pk": 271, "fields": {"teach_name": "teacher_33", "first_name": "Toni", "last_name": "Williams", "birth_date": "1975-04-08", "position": "Surveyor, insurance", "email": "castronatalie@medina-hudson.org", "telephone": "5807174546"}}, {"model": "teachers.teacher", "pk": 272, "fields": {"teach_name": "teacher_34", "first_name": "Lauren", "last_name": "Zamora", "birth_date": "1964-07-07", "position": "Astronomer", "email": "elizabethedwards@coffey.com", "telephone": "00178580012662620"}}, {"model": "teachers.teacher", "pk": 273, "fields": {"teach_name": "teacher_35", "first_name": "Paul", "last_name": "Wood", "birth_date": "1958-08-03", "position": "Administrator", "email": "ucarrillo@yahoo.com", "telephone": "9998083056"}}, {"model": "teachers.teacher", "pk": 274, "fields": {"teach_name": "teacher_36", "first_name": "John", "last_name": "Brooks", "birth_date": "1987-07-14", "position": "Claims inspector/assessor", "email": "tgreene@weaver.com", "telephone": "7530860762009"}}, {"model": "teachers.teacher", "pk": 275, "fields": {"teach_name": "teacher_37", "first_name": "Nicole", "last_name": "Martin", "birth_date": "1955-08-12", "position": "Advertising account executive", "email": "kenneth67@fritz.biz", "telephone": "16310130877835"}}, {"model": "teachers.teacher", "pk": 276, "fields": {"teach_name": "teacher_38", "first_name": "Tina", "last_name": "Raymond", "birth_date": "1961-12-18", "position": "Engineer, water", "email": "williammayer@martin.com", "telephone": "151423456914151"}}, {"model": "teachers.teacher", "pk": 277, "fields": {"teach_name": "teacher_39", "first_name": "Linda", "last_name": "Jones", "birth_date": "1962-08-28", "position": "Chief of Staff", "email": "fjordan@hotmail.com", "telephone": "6480414778658"}}, {"model": "teachers.teacher", "pk": 278, "fields": {"teach_name": "teacher_40", "first_name": "Denise", "last_name": "Guerra", "birth_date": "1971-05-22", "position": "Occupational therapist", "email": "bward@robbins-miller.net", "telephone": "67992386154237"}}, {"model": "teachers.teacher", "pk": 279, "fields": {"teach_name": "teacher_41", "first_name": "Raymond", "last_name": "Rush", "birth_date": "1967-09-25", "position": "Tax adviser", "email": "qyoung@hill.com", "telephone": "59354942189003"}}, {"model": "teachers.teacher", "pk": 280, "fields": {"teach_name": "teacher_42", "first_name": "Laura", "last_name": "Schultz", "birth_date": "1981-03-13", "position": "Education officer, museum", "email": "sarah89@daniel.biz", "telephone": "00155889596553887"}}, {"model": "teachers.teacher", "pk": 281, "fields": {"teach_name": "teacher_43", "first_name": "Christopher", "last_name": "Stevens", "birth_date": "1961-12-18", "position": "Firefighter", "email": "james29@ortiz.org", "telephone": "1809854770023815"}}, {"model": "teachers.teacher", "pk": 282, "fields": {"teach_name": "teacher_44", "first_name": "Benjamin", "last_name": "Johnson", "birth_date": "1966-07-19", "position": "Technical author", "email": "barronbrittany@schultz.com", "telephone": "3710539214"}}, {"model": "teachers.teacher", "pk": 283, "fields": {"teach_name": "teacher_45", "first_name": "Sharon", "last_name": "Garner", "birth_date": "1955-04-05", "position": "Sales promotion account executive", "email": "kellymiller@gmail.com", "telephone": "1601133751801"}}, {"model": "teachers.teacher", "pk": 284, "fields": {"teach_name": "teacher_46", "first_name": "Calvin", "last_name": "Dean", "birth_date": "1957-01-13", "position": "Product designer", "email": "racheljackson@carpenter-mcbride.net", "telephone": "00116807262976627"}}, {"model": "teachers.teacher", "pk": 285, "fields": {"teach_name": "teacher_47", "first_name": "Kayla", "last_name": "Bird", "birth_date": "1960-01-01", "position": "Soil scientist", "email": "jasames29@ortiz.org", "telephone": "59788727980173"}}, {"model": "teachers.teacher", "pk": 286, "fields": {"teach_name": "teacher_48", "first_name": "Charlotte", "last_name": "Olson", "birth_date": "1981-02-05", "position": "Research scientist (physical sciences)", "email": "emily55@hotmail.com", "telephone": "0242814635"}}, {"model": "teachers.teacher", "pk": 287, "fields": {"teach_name": "teacher_49", "first_name": "James", "last_name": "Williams", "birth_date": "1991-09-15", "position": "Investment analyst", "email": "joy90@hurley-simon.info", "telephone": "0014641230566"}}, {"model": "auth.permission", "pk": 1, "fields": {"name": "Can add log entry", "content_type": 1, "codename": "add_logentry"}}, {"model": "auth.permission", "pk": 2, "fields": {"name": "Can change log entry", "content_type": 1, "codename": "change_logentry"}}, {"model": "auth.permission", "pk": 3, "fields": {"name": "Can delete log entry", "content_type": 1, "codename": "delete_logentry"}}, {"model": "auth.permission", "pk": 4, "fields": {"name": "Can view log entry", "content_type": 1, "codename": "view_logentry"}}, {"model": "auth.permission", "pk": 5, "fields": {"name": "Can add permission", "content_type": 2, "codename": "add_permission"}}, {"model": "auth.permission", "pk": 6, "fields": {"name": "Can change permission", "content_type": 2, "codename": "change_permission"}}, {"model": "auth.permission", "pk": 7, "fields": {"name": "Can delete permission", "content_type": 2, "codename": "delete_permission"}}, {"model": "auth.permission", "pk": 8, "fields": {"name": "Can view permission", "content_type": 2, "codename": "view_permission"}}, {"model": "auth.permission", "pk": 9, "fields": {"name": "Can add group", "content_type": 3, "codename": "add_group"}}, {"model": "auth.permission", "pk": 10, "fields": {"name": "Can change group", "content_type": 3, "codename": "change_group"}}, {"model": "auth.permission", "pk": 11, "fields": {"name": "Can delete group", "content_type": 3, "codename": "delete_group"}}, {"model": "auth.permission", "pk": 12, "fields": {"name": "Can view group", "content_type": 3, "codename": "view_group"}}, {"model": "auth.permission", "pk": 13, "fields": {"name": "Can add user", "content_type": 4, "codename": "add_user"}}, {"model": "auth.permission", "pk": 14, "fields": {"name": "Can change user", "content_type": 4, "codename": "change_user"}}, {"model": "auth.permission", "pk": 15, "fields": {"name": "Can delete user", "content_type": 4, "codename": "delete_user"}}, {"model": "auth.permission", "pk": 16, "fields": {"name": "Can view user", "content_type": 4, "codename": "view_user"}}, {"model": "auth.permission", "pk": 17, "fields": {"name": "Can add content type", "content_type": 5, "codename": "add_contenttype"}}, {"model": "auth.permission", "pk": 18, "fields": {"name": "Can change content type", "content_type": 5, "codename": "change_contenttype"}}, {"model": "auth.permission", "pk": 19, "fields": {"name": "Can delete content type", "content_type": 5, "codename": "delete_contenttype"}}, {"model": "auth.permission", "pk": 20, "fields": {"name": "Can view content type", "content_type": 5, "codename": "view_contenttype"}}, {"model": "auth.permission", "pk": 21, "fields": {"name": "Can add session", "content_type": 6, "codename": "add_session"}}, {"model": "auth.permission", "pk": 22, "fields": {"name": "Can change session", "content_type": 6, "codename": "change_session"}}, {"model": "auth.permission", "pk": 23, "fields": {"name": "Can delete session", "content_type": 6, "codename": "delete_session"}}, {"model": "auth.permission", "pk": 24, "fields": {"name": "Can view session", "content_type": 6, "codename": "view_session"}}, {"model": "auth.permission", "pk": 25, "fields": {"name": "Can add student", "content_type": 7, "codename": "add_student"}}, {"model": "auth.permission", "pk": 26, "fields": {"name": "Can change student", "content_type": 7, "codename": "change_student"}}, {"model": "auth.permission", "pk": 27, "fields": {"name": "Can delete student", "content_type": 7, "codename": "delete_student"}}, {"model": "auth.permission", "pk": 28, "fields": {"name": "Can view student", "content_type": 7, "codename": "view_student"}}, {"model": "auth.permission", "pk": 29, "fields": {"name": "Can add group", "content_type": 8, "codename": "add_group"}}, {"model": "auth.permission", "pk": 30, "fields": {"name": "Can change group", "content_type": 8, "codename": "change_group"}}, {"model": "auth.permission", "pk": 31, "fields": {"name": "Can delete group", "content_type": 8, "codename": "delete_group"}}, {"model": "auth.permission", "pk": 32, "fields": {"name": "Can view group", "content_type": 8, "codename": "view_group"}}, {"model": "auth.permission", "pk": 33, "fields": {"name": "Can add teacher", "content_type": 9, "codename": "add_teacher"}}, {"model": "auth.permission", "pk": 34, "fields": {"name": "Can change teacher", "content_type": 9, "codename": "change_teacher"}}, {"model": "auth.permission", "pk": 35, "fields": {"name": "Can delete teacher", "content_type": 9, "codename": "delete_teacher"}}, {"model": "auth.permission", "pk": 36, "fields": {"name": "Can view teacher", "content_type": 9, "codename": "view_teacher"}}, {"model": "auth.group", "pk": 1, "fields": {"name": "manager", "permissions": [25, 26, 28]}}, {"model": "auth.user", "pk": 1, "fields": {"password": "pbkdf2_sha256$180000$IYC6o2JCl9rV$s1gp5vMUvoFX45Z30ifxTARTtU18fHCu7+0xY/gNGmk=", "last_login": "2020-02-18T22:35:34.897Z", "is_superuser": true, "username": "admin@admin.com", "first_name": "", "last_name": "", "email": "admin@admin.com", "is_staff": true, "is_active": true, "date_joined": "2020-01-31T18:44:05.038Z", "groups": [], "user_permissions": []}}, {"model": "auth.user", "pk": 2, "fields": {"password": "pbkdf2_sha256$180000$X9dEAuwF5XXi$ZEtbfcG+cCKSAcBqfSUyrBK6+g4qZKpihBT6zRjIyfY=", "last_login": "2020-02-03T20:44:25Z", "is_superuser": false, "username": "stuff@stuff.com", "first_name": "", "last_name": "", "email": "stuff@stuff.com", "is_staff": true, "is_active": true, "date_joined": "2020-02-01T23:37:33Z", "groups": [1], "user_permissions": []}}, {"model": "admin.logentry", "pk": 1, "fields": {"action_time": "2020-02-01T23:01:58.715Z", "user": 1, "content_type": 7, "object_id": "600", "object_repr": "600 Frank Johnson ", "action_flag": 2, "change_message": "[{\"changed\": {\"fields\": [\"St group\"]}}]"}}, {"model": "admin.logentry", "pk": 2, "fields": {"action_time": "2020-02-01T23:02:04.726Z", "user": 1, "content_type": 7, "object_id": "600", "object_repr": "600 Frank Johnson ", "action_flag": 2, "change_message": "[]"}}, {"model": "admin.logentry", "pk": 3, "fields": {"action_time": "2020-02-01T23:02:12.235Z", "user": 1, "content_type": 7, "object_id": "600", "object_repr": "600 Frank Johnson ", "action_flag": 2, "change_message": "[]"}}, {"model": "admin.logentry", "pk": 4, "fields": {"action_time": "2020-02-01T23:03:56.208Z", "user": 1, "content_type": 7, "object_id": "600", "object_repr": "600 Frank Johnson ", "action_flag": 2, "change_message": "[]"}}, {"model": "admin.logentry", "pk": 5, "fields": {"action_time": "2020-02-01T23:05:03.629Z", "user": 1, "content_type": 7, "object_id": "599", "object_repr": "599 Laura Smith ", "action_flag": 2, "change_message": "[]"}}, {"model": "admin.logentry", "pk": 6, "fields": {"action_time": "2020-02-01T23:37:33.614Z", "user": 1, "content_type": 4, "object_id": "2", "object_repr": "stuff@stuff.com", "action_flag": 1, "change_message": "[{\"added\": {}}]"}}, {"model": "admin.logentry", "pk": 7, "fields": {"action_time": "2020-02-01T23:39:40.586Z", "user": 1, "content_type": 4, "object_id": "2", "object_repr": "stuff@stuff.com", "action_flag": 2, "change_message": "[{\"changed\": {\"fields\": [\"Email address\", \"Staff status\"]}}]"}}, {"model": "admin.logentry", "pk": 8, "fields": {"action_time": "2020-02-03T20:54:43.631Z", "user": 1, "content_type": 3, "object_id": "1", "object_repr": "manager", "action_flag": 1, "change_message": "[{\"added\": {}}]"}}, {"model": "admin.logentry", "pk": 9, "fields": {"action_time": "2020-02-03T20:56:34.115Z", "user": 1, "content_type": 4, "object_id": "2", "object_repr": "stuff@stuff.com", "action_flag": 2, "change_message": "[{\"changed\": {\"fields\": [\"Groups\"]}}]"}}, {"model": "admin.logentry", "pk": 10, "fields": {"action_time": "2020-02-03T20:58:10.631Z", "user": 1, "content_type": 3, "object_id": "1", "object_repr": "manager", "action_flag": 2, "change_message": "[{\"changed\": {\"fields\": [\"Permissions\"]}}]"}}, {"model": "admin.logentry", "pk": 11, "fields": {"action_time": "2020-02-04T22:10:47.240Z", "user": 1, "content_type": 8, "object_id": "82", "object_repr": "Group None ", "action_flag": 1, "change_message": "[{\"added\": {}}]"}}, {"model": "admin.logentry", "pk": 12, "fields": {"action_time": "2020-02-10T21:22:13.999Z", "user": 1, "content_type": 7, "object_id": "1098", "object_repr": "1098 Jamie Brandt Group group_5  ", "action_flag": 2, "change_message": "[{\"changed\": {\"fields\": [\"Email\"]}}]"}}, {"model": "admin.logentry", "pk": 13, "fields": {"action_time": "2020-02-10T21:42:30.836Z", "user": 1, "content_type": 7, "object_id": "1094", "object_repr": "1094 Valerie Boyle Group group_8  ", "action_flag": 2, "change_message": "[{\"changed\": {\"fields\": [\"Email\"]}}]"}}, {"model": "admin.logentry", "pk": 14, "fields": {"action_time": "2020-02-10T21:46:25.910Z", "user": 1, "content_type": 7, "object_id": "1097", "object_repr": "1097 Joann Mcdaniel Group group_7  ", "action_flag": 2, "change_message": "[{\"changed\": {\"fields\": [\"Email\"]}}]"}}, {"model": "admin.logentry", "pk": 15, "fields": {"action_time": "2020-02-10T21:53:00.896Z", "user": 1, "content_type": 7, "object_id": "1096", "object_repr": "1096 Olivia Kennedy Group group_0  ", "action_flag": 2, "change_message": "[{\"changed\": {\"fields\": [\"Email\"]}}]"}}, {"model": "admin.logentry", "pk": 16, "fields": {"action_time": "2020-02-10T22:05:44.391Z", "user": 1, "content_type": 7, "object_id": "1096", "object_repr": "1096 Olivia Kennedy Group group_0  ", "action_flag": 2, "change_message": "[{\"changed\": {\"fields\": [\"Email\"]}}]"}}, {"model": "admin.logentry", "pk": 17, "fields": {"action_time": "2020-02-10T22:06:02.111Z", "user": 1, "content_type": 7, "object_id": "1096", "object_repr": "1096 Olivia Kennedy Group group_0  ", "action_flag": 2, "change_message": "[{\"changed\": {\"fields\": [\"Email\"]}}]"}}, {"model": "admin.logentry", "pk": 18, "fields": {"action_time": "2020-02-13T11:11:03.877Z", "user": 1, "content_type": 7, "object_id": "1097", "object_repr": "1097 Joann Mcdaniel Group group_7  ", "action_flag": 2, "change_message": "[{\"changed\": {\"fields\": [\"Email\"]}}]"}}, {"model": "admin.logentry", "pk": 19, "fields": {"action_time": "2020-02-13T11:11:24.648Z", "user": 1, "content_type": 7, "object_id": "1097", "object_repr": "1097 Joann Mcdaniel Group group_7  ", "action_flag": 2, "change_message": "[]"}}, {"model": "admin.logentry", "pk": 20, "fields": {"action_time": "2020-02-13T11:11:27.311Z", "user": 1, "content_type": 7, "object_id": "1097", "object_repr": "1097 Joann Mcdaniel Group group_7  ", "action_flag": 2, "change_message": "[]"}}, {"model": "admin.logentry", "pk": 21, "fields": {"action_time": "2020-02-13T11:42:08.268Z", "user": 1, "content_type": 8, "object_id": "108", "object_repr": "Group group_5 ", "action_flag": 2, "change_message": "[{\"changed\": {\"fields\": [\"Curator\", \"Headman\"]}}]"}}, {"model": "admin.logentry", "pk": 22, "fields": {"action_time": "2020-02-15T12:01:52.212Z", "user": 1, "content_type": 7, "object_id": "1100", "object_repr": "1100 Luke Robertson Group group_8  ", "action_flag": 2, "change_message": "[{\"changed\": {\"fields\": [\"Telephone\"]}}]"}}, {"model": "admin.logentry", "pk": 23, "fields": {"action_time": "2020-02-15T12:02:42.946Z", "user": 1, "content_type": 7, "object_id": "1100", "object_repr": "1100 Luke Robertson Group group_8  ", "action_flag": 2, "change_message": "[{\"changed\": {\"fields\": [\"Email\"]}}]"}}, {"model": "admin.logentry", "pk": 24, "fields": {"action_time": "2020-02-15T12:02:45.989Z", "user": 1, "content_type": 7, "object_id": "1100", "object_repr": "1100 Luke Robertson Group group_8  ", "action_flag": 2, "change_message": "[]"}}, {"model": "admin.logentry", "pk": 25, "fields": {"action_time": "2020-02-15T12:11:49.038Z", "user": 1, "content_type": 7, "object_id": "1100", "object_repr": "1100 Luke Robertson Group group_8  ", "action_flag": 2, "change_message": "[{\"changed\": {\"fields\": [\"First name\"]}}]"}}, {"model": "admin.logentry", "pk": 26, "fields": {"action_time": "2020-02-15T12:12:43.247Z", "user": 1, "content_type": 7, "object_id": "1100", "object_repr": "1100 Luke Robertson Group group_8  ", "action_flag": 2, "change_message": "[{\"changed\": {\"fields\": [\"Last name\"]}}]"}}, {"model": "admin.logentry", "pk": 27, "fields": {"action_time": "2020-02-15T12:14:42.034Z", "user": 1, "content_type": 7, "object_id": "1100", "object_repr": "1100 Luke Robertson Group group_8  ", "action_flag": 2, "change_message": "[{\"changed\": {\"fields\": [\"Email\"]}}]"}}, {"model": "admin.logentry", "pk": 28, "fields": {"action_time": "2020-02-15T12:14:48.201Z", "user": 1, "content_type": 7, "object_id": "1100", "object_repr": "1100 Luke Robertson Group group_8  ", "action_flag": 2, "change_message": "[]"}}, {"model": "admin.logentry", "pk": 29, "fields": {"action_time": "2020-02-15T12:15:17.883Z", "user": 1, "content_type": 7, "object_id": "1095", "object_repr": "1095 Shane Cantu Group group_9  ", "action_flag": 2, "change_message": "[{\"changed\": {\"fields\": [\"Telephone\"]}}]"}}, {"model": "admin.logentry", "pk": 30, "fields": {"action_time": "2020-02-15T12:15:34.054Z", "user": 1, "content_type": 7, "object_id": "1097", "object_repr": "1097 Joann Mcdaniel Group group_7  ", "action_flag": 2, "change_message": "[]"}}, {"model": "admin.logentry", "pk": 31, "fields": {"action_time": "2020-02-15T12:15:39.589Z", "user": 1, "content_type": 7, "object_id": "1097", "object_repr": "1097 Joann Mcdaniel Group group_7  ", "action_flag": 2, "change_message": "[]"}}, {"model": "admin.logentry", "pk": 32, "fields": {"action_time": "2020-02-15T15:34:53.827Z", "user": 1, "content_type": 7, "object_id": "1013", "object_repr": "1013 Kathleen Wilcox Group group_6  ", "action_flag": 2, "change_message": "[]"}}, {"model": "admin.logentry", "pk": 33, "fields": {"action_time": "2020-02-15T15:34:58.526Z", "user": 1, "content_type": 7, "object_id": "1013", "object_repr": "1013 Kathleen Wilcox Group group_6  ", "action_flag": 2, "change_message": "[]"}}, {"model": "admin.logentry", "pk": 34, "fields": {"action_time": "2020-02-15T15:36:17.357Z", "user": 1, "content_type": 9, "object_id": "285", "object_repr": "285 Kayla Bird ", "action_flag": 2, "change_message": "[{\"changed\": {\"fields\": [\"Email\"]}}]"}}, {"model": "admin.logentry", "pk": 35, "fields": {"action_time": "2020-02-15T15:36:27.601Z", "user": 1, "content_type": 9, "object_id": "285", "object_repr": "285 Kayla Bird ", "action_flag": 2, "change_message": "[{\"changed\": {\"fields\": [\"First name\", \"Last name\"]}}]"}}, {"model": "admin.logentry", "pk": 36, "fields": {"action_time": "2020-02-15T15:36:30.324Z", "user": 1, "content_type": 9, "object_id": "285", "object_repr": "285 Kayla Bird ", "action_flag": 2, "change_message": "[]"}}]